"uri","species","genus","family","order","class","binomial_verified","taxonomic_level","adult_mass_g","dphy_invertebrate","dphy_vertebrate","dphy_plant","det_diet_breadth_n","trophic_level","activity_cycle","habitat_breadth_n","iucn2020_binomial","IUCN"
"https://www.ncbi.nlm.nih.gov/taxonomy/8957","gentilis","Accipiter","Accipitridae","Accipitriformes","Aves","Accipiter gentilis","species",NA,NA,NA,NA,NA,NA,NA,NA,"Accipiter gentilis","LC"
"https://www.ncbi.nlm.nih.gov/taxonomy/56259",NA,NA,"Accipitridae","Accipitriformes","Aves","Accipitridae","family",NA,NA,NA,NA,NA,NA,NA,NA,"Accipitridae",NA
"https://www.ncbi.nlm.nih.gov/taxonomy/2933618","macklotii","Acerodon","Pteropodidae","Chiroptera","Mammalia","Acerodon macklotii","species",NA,NA,NA,NA,NA,NA,NA,NA,"Acerodon macklotii",NA
"https://www.ncbi.nlm.nih.gov/taxonomy/451385","javanicus","Acridotheres","Sturnidae","Passeriformes","Aves","Acridotheres javanicus","species",NA,NA,NA,NA,NA,NA,NA,NA,"Acridotheres javanicus","VU"
"https://www.ncbi.nlm.nih.gov/taxonomy/30401","arfakianus","Aepypodius","Megapodiidae","Galliformes","Aves","Aepypodius arfakianus","species",NA,NA,NA,NA,NA,NA,NA,NA,"Aepypodius arfakianus","LC"
"https://www.ncbi.nlm.nih.gov/taxonomy/28722","melanotis","Ailuroedus","Ptilonorhynchidae","Passeriformes","Aves","Ailuroedus melanotis","species",NA,NA,NA,NA,NA,NA,NA,NA,"Ailuroedus melanotis","LC"
"https://www.ncbi.nlm.nih.gov/taxonomy/9649","fulgens","Ailurus","Ailuridae","Carnivora","Mammalia","Ailurus fulgens","species",4747.54,10,10,80,1,1,2,1,"Ailurus fulgens","EN"
"https://www.ncbi.nlm.nih.gov/taxonomy/8937",NA,NA,"Alcedinidae","Coraciiformes","Aves","Alcedinidae","family",NA,NA,NA,NA,NA,NA,NA,NA,"Alcedinidae",NA
"https://www.ncbi.nlm.nih.gov/taxonomy/182888","phaeocephalus","Alophoixus","Pycnonotidae","Passeriformes","Aves","Alophoixus phaeocephalus","species",NA,NA,NA,NA,NA,NA,NA,NA,"Alophoixus phaeocephalus","LC"
"https://www.ncbi.nlm.nih.gov/taxonomy/261959","phoenicurus","Amaurornis","Rallidae","Gruiformes","Aves","Amaurornis phoenicurus","species",NA,NA,NA,NA,NA,NA,NA,NA,"Amaurornis phoenicurus","LC"
"https://www.ncbi.nlm.nih.gov/taxonomy/866357","galeritus","Anorrhinus","Bucerotidae","Bucerotiformes","Aves","Anorrhinus galeritus","species",NA,NA,NA,NA,NA,NA,NA,NA,"Anorrhinus galeritus","NT"
"https://www.ncbi.nlm.nih.gov/taxonomy/233787","malacensis","Anthreptes","Nectariniidae","Passeriformes","Aves","Anthreptes malacensis","species",NA,NA,NA,NA,NA,NA,NA,NA,"Anthreptes malacensis","LC"
"https://www.ncbi.nlm.nih.gov/taxonomy/452597","cinereus","Aonyx","Mustelidae","Carnivora","Mammalia","Aonyx cinereus","species",3000,80,20,0,1,3,1,7,"Aonyx cinereus","VU"
"https://www.ncbi.nlm.nih.gov/taxonomy/10128",NA,"Apodemus","Muridae","Rodentia","Mammalia","Apodemus","genus",NA,NA,NA,NA,NA,NA,NA,NA,"Apodemus",NA
"https://www.ncbi.nlm.nih.gov/taxonomy/9104",NA,"Arborophila","Phasianidae","Galliformes","Aves","Arborophila","genus",NA,NA,NA,NA,NA,NA,NA,NA,"Arborophila",NA
"https://www.ncbi.nlm.nih.gov/taxonomy/1296548","brunneopectus","Arborophila","Phasianidae","Galliformes","Aves","Arborophila brunneopectus","species",NA,NA,NA,NA,NA,NA,NA,NA,"Arborophila brunneopectus","LC"
"https://www.ncbi.nlm.nih.gov/taxonomy/1717233","charltonii","Tropicoperdix","Phasianidae","Galliformes","Aves","Tropicoperdix charltonii","species",NA,NA,NA,NA,NA,NA,NA,NA,"Tropicoperdix charltonii","VU"
"https://www.ncbi.nlm.nih.gov/taxonomy/1717231","chloropus","Tropicoperdix","Phasianidae","Galliformes","Aves","Tropicoperdix chloropus","species",NA,NA,NA,NA,NA,NA,NA,NA,"Tropicoperdix chloropus","LC"
"https://www.ncbi.nlm.nih.gov/taxonomy/2691920","hyperythra","Arborophila","Phasianidae","Galliformes","Aves","Arborophila hyperythra","species",NA,NA,NA,NA,NA,NA,NA,NA,"Arborophila hyperythra","LC"
"https://www.ncbi.nlm.nih.gov/taxonomy/338144","javanica","Arborophila","Phasianidae","Galliformes","Aves","Arborophila javanica","species",NA,NA,NA,NA,NA,NA,NA,NA,"Arborophila javanica","LC"
"https://www.ncbi.nlm.nih.gov/taxonomy/1717232","merlini","Tropicoperdix","Phasianidae","Galliformes","Aves","Tropicoperdix merlini","species",NA,NA,NA,NA,NA,NA,NA,NA,"Tropicoperdix merlini",NA
"https://www.ncbi.nlm.nih.gov/taxonomy/2691922","rubrirostris","Arborophila","Phasianidae","Galliformes","Aves","Arborophila rubrirostris","species",NA,NA,NA,NA,NA,NA,NA,NA,"Arborophila rubrirostris","LC"
"https://www.ncbi.nlm.nih.gov/taxonomy/604433","rufogularis","Arborophila","Phasianidae","Galliformes","Aves","Arborophila rufogularis","species",NA,NA,NA,NA,NA,NA,NA,NA,"Arborophila rufogularis","LC"
"https://www.ncbi.nlm.nih.gov/taxonomy/94180","binturong","Arctictis","Viverridae","Carnivora","Mammalia","Arctictis binturong","species",12999.99,0,50,50,3,2,1,2,"Arctictis binturong","VU"
"https://www.ncbi.nlm.nih.gov/taxonomy/94182","trivirgata","Arctogalidia","Viverridae","Carnivora","Mammalia","Arctogalidia trivirgata","species",2250,20,60,20,4,2,1,1,"Arctogalidia trivirgata","LC"
"https://www.ncbi.nlm.nih.gov/taxonomy/139309","collaris","Arctonyx","Mustelidae","Carnivora","Mammalia","Arctonyx collaris","species",10500,50,20,30,2,2,1,2,"Arctonyx collaris","VU"
"https://www.ncbi.nlm.nih.gov/taxonomy/9080",NA,"Argusianus","Phasianidae","Galliformes","Aves","Argusianus","genus",NA,NA,NA,NA,NA,NA,NA,NA,"Argusianus",NA
"https://www.ncbi.nlm.nih.gov/taxonomy/9081","argus","Argusianus","Phasianidae","Galliformes","Aves","Argusianus argus","species",NA,NA,NA,NA,NA,NA,NA,NA,"Argusianus argus","VU"
"https://www.ncbi.nlm.nih.gov/taxonomy/75869","scutulata","Asarcornis","Anatidae","Anseriformes","Aves","Asarcornis scutulata","species",NA,NA,NA,NA,NA,NA,NA,NA,"Asarcornis scutulata","EN"
"https://www.ncbi.nlm.nih.gov/taxonomy/34836","macrourus","Atherurus","Hystricidae","Rodentia","Mammalia","Atherurus macrourus","species",2000,0,0,100,2,2,1,1,"Atherurus macrourus","LC"
"https://www.ncbi.nlm.nih.gov/taxonomy/30531","axis","Axis","Cervidae","Artiodactyla","Mammalia","Axis axis","species",45500,0,0,100,1,1,2,3,"Axis axis","LC"
"https://www.ncbi.nlm.nih.gov/taxonomy/388974","fytchii","Bambusicola","Phasianidae","Galliformes","Aves","Bambusicola fytchii","species",NA,NA,NA,NA,NA,NA,NA,NA,"Bambusicola fytchii","LC"
"https://www.ncbi.nlm.nih.gov/taxonomy/9904","gaurus","Bos","Bovidae","Artiodactyla","Mammalia","Bos gaurus","species",812571.525,0,0,100,1,1,3,1,"Bos gaurus","VU"
"https://www.ncbi.nlm.nih.gov/taxonomy/9906","javanicus","Bos","Bovidae","Artiodactyla","Mammalia","Bos javanicus","species",683333.335,0,0,100,1,1,2,2,"Bos javanicus","EN"
"https://www.ncbi.nlm.nih.gov/taxonomy/9913","taurus","Bos","Bovidae","Artiodactyla","Mammalia","Bos taurus","species",NA,NA,NA,NA,NA,NA,NA,NA,"Bos taurus",NA
"https://www.ncbi.nlm.nih.gov/taxonomy/9917","tragocamelus","Boselaphus","Bovidae","Artiodactyla","Mammalia","Boselaphus tragocamelus","species",180000,0,0,100,2,1,2,3,"Boselaphus tragocamelus","LC"
"https://www.ncbi.nlm.nih.gov/taxonomy/9895",NA,NA,"Bovidae","Artiodactyla","Mammalia","Bovidae","family",NA,NA,NA,NA,NA,NA,NA,NA,"Bovidae",NA
"https://www.ncbi.nlm.nih.gov/taxonomy/2866655","arnee","Bubalus","Bovidae","Artiodactyla","Mammalia","Bubalus arnee","species",827250.485,0,0,100,1,1,2,3,"Bubalus arnee","EN"
"https://www.ncbi.nlm.nih.gov/taxonomy/89462","bubalis","Bubalus","Bovidae","Artiodactyla","Mammalia","Bubalus bubalis","species",NA,NA,NA,NA,NA,NA,NA,NA,"Bubalus bubalis",NA
"https://www.ncbi.nlm.nih.gov/taxonomy/27596","depressicornis","Bubalus","Bovidae","Artiodactyla","Mammalia","Bubalus depressicornis","species",205994.635,0,0,100,2,1,2,1,"Bubalus depressicornis","EN"
"https://www.ncbi.nlm.nih.gov/taxonomy/57380",NA,NA,"Bucerotidae","Bucerotiformes","Aves","Bucerotidae","family",NA,NA,NA,NA,NA,NA,NA,NA,"Bucerotidae",NA
"https://www.ncbi.nlm.nih.gov/taxonomy/37181","taxicolor","Budorcas","Bovidae","Artiodactyla","Mammalia","Budorcas taxicolor","species",294515.33,0,0,100,1,1,2,3,"Budorcas taxicolor","VU"
"https://www.ncbi.nlm.nih.gov/taxonomy/433628","striata","Butorides","Ardeidae","Pelecaniformes","Aves","Butorides striata","species",NA,NA,NA,NA,NA,NA,NA,NA,"Butorides striata","LC"
"https://www.ncbi.nlm.nih.gov/taxonomy/64663",NA,"Callosciurus","Sciuridae","Rodentia","Mammalia","Callosciurus","genus",NA,NA,NA,NA,NA,NA,NA,NA,"Callosciurus",NA
"https://www.ncbi.nlm.nih.gov/taxonomy/64664","caniceps","Callosciurus","Sciuridae","Rodentia","Mammalia","Callosciurus caniceps","species",260.955,20,10,70,4,2,3,3,"Callosciurus caniceps","LC"
"https://www.ncbi.nlm.nih.gov/taxonomy/64677","erythraeus","Callosciurus","Sciuridae","Rodentia","Mammalia","Callosciurus erythraeus","species",277.615,20,10,70,4,2,3,1,"Callosciurus erythraeus","LC"
"https://www.ncbi.nlm.nih.gov/taxonomy/127500","finlaysonii","Callosciurus","Sciuridae","Rodentia","Mammalia","Callosciurus finlaysonii","species",278,20,10,70,4,2,3,3,"Callosciurus finlaysonii","LC"
"https://www.ncbi.nlm.nih.gov/taxonomy/64678","notatus","Callosciurus","Sciuridae","Rodentia","Mammalia","Callosciurus notatus","species",400,20,10,70,4,2,3,4,"Callosciurus notatus","LC"
"https://www.ncbi.nlm.nih.gov/taxonomy/64676","prevostii","Callosciurus","Sciuridae","Rodentia","Mammalia","Callosciurus prevostii","species",400,20,10,70,4,1,3,1,"Callosciurus prevostii","LC"
"https://www.ncbi.nlm.nih.gov/taxonomy/187106","nicobarica","Caloenas","Columbidae","Columbiformes","Aves","Caloenas nicobarica","species",NA,NA,NA,NA,NA,NA,NA,NA,"Caloenas nicobarica","NT"
"https://www.ncbi.nlm.nih.gov/taxonomy/9608",NA,NA,"Canidae","Carnivora","Mammalia","Canidae","family",NA,NA,NA,NA,NA,NA,NA,NA,"Canidae",NA
"https://www.ncbi.nlm.nih.gov/taxonomy/68724","aureus","Canis","Canidae","Carnivora","Mammalia","Canis aureus","species",11000,10,80,10,1,2,2,5,"Canis aureus","LC"
"https://www.ncbi.nlm.nih.gov/taxonomy/9615","lupus","Canis","Canidae","Carnivora","Mammalia","Canis lupus","species",29190.755,0,100,0,1,3,2,7,"Canis lupus","LC"
"https://www.ncbi.nlm.nih.gov/taxonomy/1073286","milneedwardsii","Capricornis","Bovidae","Artiodactyla","Mammalia","Capricornis milneedwardsii","species",95000,0,0,100,1,1,2,4,"Capricornis sumatraensis","VU"
"https://www.ncbi.nlm.nih.gov/taxonomy/2664340","rubidus","Capricornis","Bovidae","Artiodactyla","Mammalia","Capricornis rubidus","species",95000,0,0,100,1,1,2,3,"Capricornis rubidus","VU"
"https://www.ncbi.nlm.nih.gov/taxonomy/34865","sumatraensis","Capricornis","Bovidae","Artiodactyla","Mammalia","Capricornis sumatraensis","species",95000,0,0,100,1,1,2,4,"Capricornis sumatraensis","VU"
"https://www.ncbi.nlm.nih.gov/taxonomy/8943","renauldi","Carpococcyx","Cuculidae","Cuculiformes","Aves","Carpococcyx renauldi","species",NA,NA,NA,NA,NA,NA,NA,NA,"Carpococcyx renauldi","VU"
"https://www.ncbi.nlm.nih.gov/taxonomy/30463","bennetti","Casuarius","Casuariidae","Casuariiformes","Aves","Casuarius bennetti","species",NA,NA,NA,NA,NA,NA,NA,NA,"Casuarius bennetti","LC"
"https://www.ncbi.nlm.nih.gov/taxonomy/1740858","unappendiculatus","Casuarius","Casuariidae","Casuariiformes","Aves","Casuarius unappendiculatus","species",NA,NA,NA,NA,NA,NA,NA,NA,"Casuarius unappendiculatus","LC"
"https://www.ncbi.nlm.nih.gov/taxonomy/61454","badia","Catopuma","Felidae","Carnivora","Mammalia","Catopuma badia","species",3429.52,0,100,0,2,3,1,1,"Catopuma badia","EN"
"https://www.ncbi.nlm.nih.gov/taxonomy/61455","temminckii","Catopuma","Felidae","Carnivora","Mammalia","Catopuma temminckii","species",11500,0,100,0,2,3,1,3,"Catopuma temminckii","NT"
"https://www.ncbi.nlm.nih.gov/taxonomy/57401",NA,"Centropus","Centropidae","Cuculiformes","Aves","Centropus","genus",NA,NA,NA,NA,NA,NA,NA,NA,"Centropus",NA
"https://www.ncbi.nlm.nih.gov/taxonomy/57402","sinensis","Centropus","Centropidae","Cuculiformes","Aves","Centropus sinensis","species",NA,NA,NA,NA,NA,NA,NA,NA,"Centropus sinensis","LC"
"https://www.ncbi.nlm.nih.gov/taxonomy/9850",NA,NA,"Cervidae","Artiodactyla","Mammalia","Cervidae","family",NA,NA,NA,NA,NA,NA,NA,NA,"Cervidae",NA
"https://www.ncbi.nlm.nih.gov/taxonomy/187108","indica","Chalcophaps","Columbidae","Columbiformes","Aves","Chalcophaps indica","species",NA,NA,NA,NA,NA,NA,NA,NA,"Chalcophaps indica","LC"
"https://www.ncbi.nlm.nih.gov/taxonomy/262129","stephani","Chalcophaps","Columbidae","Columbiformes","Aves","Chalcophaps stephani","species",NA,NA,NA,NA,NA,NA,NA,NA,"Chalcophaps stephani","LC"
"https://www.ncbi.nlm.nih.gov/taxonomy/9397",NA,NA,NA,"Chiroptera","Mammalia","Chiroptera","order",NA,NA,NA,NA,NA,NA,NA,NA,"Chiroptera",NA
"https://www.ncbi.nlm.nih.gov/taxonomy/94184","owstoni","Chrotogale","Viverridae","Carnivora","Mammalia","Chrotogale owstoni","species",3258.855,70,10,20,2,2,1,1,"Chrotogale owstoni","EN"
"https://www.ncbi.nlm.nih.gov/taxonomy/52778","stormi","Ciconia","Ciconiidae","Ciconiiformes","Aves","Ciconia stormi","species",NA,NA,NA,NA,NA,NA,NA,NA,"Ciconia stormi","EN"
"https://www.ncbi.nlm.nih.gov/taxonomy/1948888","malabaricus","Copsychus","Muscicapidae","Passeriformes","Aves","Copsychus malabaricus","species",NA,NA,NA,NA,NA,NA,NA,NA,"Copsychus malabaricus","LC"
"https://www.ncbi.nlm.nih.gov/taxonomy/758468","pyrropygus","Copsychus","Muscicapidae","Passeriformes","Aves","Copsychus pyrropygus","species",NA,NA,NA,NA,NA,NA,NA,NA,"Copsychus pyrropygus","NT"
"https://www.ncbi.nlm.nih.gov/taxonomy/343929","saularis","Copsychus","Muscicapidae","Passeriformes","Aves","Copsychus saularis","species",NA,NA,NA,NA,NA,NA,NA,NA,"Copsychus saularis","LC"
"https://www.ncbi.nlm.nih.gov/taxonomy/68455","siamensis","Crocodylus","Crocodylidae","Crocodylia","Reptilia","Crocodylus siamensis","species",NA,NA,NA,NA,NA,NA,NA,NA,"Crocodylus siamensis","CR"
"https://www.ncbi.nlm.nih.gov/taxonomy/68730","alpinus","Cuon","Canidae","Carnivora","Mammalia","Cuon alpinus","species",15750,0,100,0,1,3,2,3,"Cuon alpinus","EN"
"https://www.ncbi.nlm.nih.gov/taxonomy/395839","bennetti","Cynogale","Viverridae","Carnivora","Mammalia","Cynogale bennetti","species",NA,NA,NA,NA,NA,NA,NA,NA,"Cynogale bennetti",NA
"https://www.ncbi.nlm.nih.gov/taxonomy/38616","trivirgata","Dactylopsila","Petauridae","Diprotodontia","Mammalia","Dactylopsila trivirgata","species",406.705,80,0,20,1,3,1,1,"Dactylopsila trivirgata","LC"
"https://www.ncbi.nlm.nih.gov/taxonomy/38604","inustus","Dendrolagus","Macropodidae","Diprotodontia","Mammalia","Dendrolagus inustus","species",8293.4,0,0,100,2,1,2,1,"Dendrolagus inustus","VU"
"https://www.ncbi.nlm.nih.gov/taxonomy/2219194","ursinus","Dendrolagus","Macropodidae","Diprotodontia","Mammalia","Dendrolagus ursinus","species",8000,0,0,100,2,1,2,1,"Dendrolagus ursinus","VU"
"https://www.ncbi.nlm.nih.gov/taxonomy/1603858","indicus","Dendronanthus","Motacillidae","Passeriformes","Aves","Dendronanthus indicus","species",NA,NA,NA,NA,NA,NA,NA,NA,"Dendronanthus indicus","LC"
"https://www.ncbi.nlm.nih.gov/taxonomy/1343486","benghalense","Dinopium","Picidae","Piciformes","Aves","Dinopium benghalense","species",NA,NA,NA,NA,NA,NA,NA,NA,"Dinopium benghalense","LC"
"https://www.ncbi.nlm.nih.gov/taxonomy/1198222","hosei","Diplogale","Viverridae","Carnivora","Mammalia","Diplogale hosei","species",5452.04,60,40,0,2,3,1,1,"Diplogale hosei","VU"
"https://www.ncbi.nlm.nih.gov/taxonomy/926694","hageni","Dorcopsis","Macropodidae","Diprotodontia","Mammalia","Dorcopsis hageni","species",5499.99,0,0,100,2,2,2,2,"Dorcopsis hageni","LC"
"https://www.ncbi.nlm.nih.gov/taxonomy/461708","lokriah","Dremomys","Sciuridae","Rodentia","Mammalia","Dremomys lokriah","species",199.745,20,0,80,4,2,3,1,"Dremomys lokriah","LC"
"https://www.ncbi.nlm.nih.gov/taxonomy/226546","rufigenis","Dremomys","Sciuridae","Rodentia","Mammalia","Dremomys rufigenis","species",200.32,20,0,80,4,2,3,2,"Dremomys rufigenis","LC"
"https://www.ncbi.nlm.nih.gov/taxonomy/1463953","badia","Ducula","Columbidae","Columbiformes","Aves","Ducula badia","species",NA,NA,NA,NA,NA,NA,NA,NA,"Ducula badia","LC"
"https://www.ncbi.nlm.nih.gov/taxonomy/162630","gymnura","Echinosorex","Erinaceidae","Eulipotyphla","Mammalia","Echinosorex gymnura","species",756.53,50,50,0,3,2,1,2,"Echinosorex gymnura","LC"
"https://www.ncbi.nlm.nih.gov/taxonomy/9783","maximus","Elephas","Elephantidae","Proboscidea","Mammalia","Elephas maximus","species",3220000,0,0,100,1,1,2,3,"Elephas maximus","EN"
"https://www.ncbi.nlm.nih.gov/taxonomy/320572","leschenaulti","Enicurus","Muscicapidae","Passeriformes","Aves","Enicurus leschenaulti","species",NA,NA,NA,NA,NA,NA,NA,NA,"Enicurus leschenaulti","LC"
"https://www.ncbi.nlm.nih.gov/taxonomy/1316415",NA,"Erythropitta","Pittidae","Passeriformes","Aves","Erythropitta","genus",NA,NA,NA,NA,NA,NA,NA,NA,"Erythropitta",NA
"https://www.ncbi.nlm.nih.gov/taxonomy/2744961","ussheri","Erythropitta","Pittidae","Passeriformes","Aves","Erythropitta ussheri","species",NA,NA,NA,NA,NA,NA,NA,NA,"Erythropitta ussheri","LC"
"https://www.ncbi.nlm.nih.gov/taxonomy/449352","macrocerus","Eupetes","Cinclosomatidae","Passeriformes","Aves","Eupetes macrocerus","species",NA,NA,NA,NA,NA,NA,NA,NA,"Eupetes macrocerus","NT"
"https://www.ncbi.nlm.nih.gov/taxonomy/46218","chinensis","Excalfactoria","Phasianidae","Galliformes","Aves","Excalfactoria chinensis","species",NA,NA,NA,NA,NA,NA,NA,NA,"Excalfactoria chinensis",NA
"https://www.ncbi.nlm.nih.gov/taxonomy/9685","catus","Felis","Felidae","Carnivora","Mammalia","Felis catus","species",NA,NA,NA,NA,NA,NA,NA,NA,"Felis catus",NA
"https://www.ncbi.nlm.nih.gov/taxonomy/61376","chaus","Felis","Felidae","Carnivora","Mammalia","Felis chaus","species",10000,0,100,0,2,3,2,6,"Felis chaus","LC"
"https://www.ncbi.nlm.nih.gov/taxonomy/369970","zanthopygia","Ficedula","Muscicapidae","Passeriformes","Aves","Ficedula zanthopygia","species",NA,NA,NA,NA,NA,NA,NA,NA,"Ficedula zanthopygia","LC"
"https://www.ncbi.nlm.nih.gov/taxonomy/472989","pintadeanus","Francolinus","Phasianidae","Galliformes","Aves","Francolinus pintadeanus","species",NA,NA,NA,NA,NA,NA,NA,NA,"Francolinus pintadeanus","LC"
"https://www.ncbi.nlm.nih.gov/taxonomy/482537","variegatus","Galeopterus","Cynocephalidae","Dermoptera","Mammalia","Galeopterus variegatus","species",1056.1,0,0,100,1,1,1,2,"Galeopterus variegatus","LC"
"https://www.ncbi.nlm.nih.gov/taxonomy/187122","tristigmata","Gallicolumba","Columbidae","Columbiformes","Aves","Gallicolumba tristigmata","species",NA,NA,NA,NA,NA,NA,NA,NA,"Gallicolumba tristigmata","LC"
"https://www.ncbi.nlm.nih.gov/taxonomy/9030",NA,"Gallus","Phasianidae","Galliformes","Aves","Gallus","genus",NA,NA,NA,NA,NA,NA,NA,NA,"Gallus",NA
"https://www.ncbi.nlm.nih.gov/taxonomy/9031","gallus","Gallus","Phasianidae","Galliformes","Aves","Gallus gallus","species",NA,NA,NA,NA,NA,NA,NA,NA,"Gallus gallus","LC"
"https://www.ncbi.nlm.nih.gov/taxonomy/238855","canorus","Garrulax","Leiothrichidae","Passeriformes","Aves","Garrulax canorus","species",NA,NA,NA,NA,NA,NA,NA,NA,"Garrulax canorus","LC"
"https://www.ncbi.nlm.nih.gov/taxonomy/1149625","maesi","Garrulax","Leiothrichidae","Passeriformes","Aves","Garrulax maesi","species",NA,NA,NA,NA,NA,NA,NA,NA,"Garrulax maesi","LC"
"https://www.ncbi.nlm.nih.gov/taxonomy/1149627","palliatus","Garrulax","Leiothrichidae","Passeriformes","Aves","Garrulax palliatus","species",NA,NA,NA,NA,NA,NA,NA,NA,"Garrulax palliatus","NT"
"https://www.ncbi.nlm.nih.gov/taxonomy/1743270","citrina","Geokichla","Turdidae","Passeriformes","Aves","Geokichla citrina","species",NA,NA,NA,NA,NA,NA,NA,NA,"Geokichla citrina","LC"
"https://www.ncbi.nlm.nih.gov/taxonomy/1743340","interpres","Geokichla","Turdidae","Passeriformes","Aves","Geokichla interpres","species",NA,NA,NA,NA,NA,NA,NA,NA,"Geokichla interpres","EN"
"https://www.ncbi.nlm.nih.gov/taxonomy/752197","melanolophus","Gorsachius","Ardeidae","Pelecaniformes","Aves","Gorsachius melanolophus","species",NA,NA,NA,NA,NA,NA,NA,NA,"Gorsachius melanolophus","LC"
"https://www.ncbi.nlm.nih.gov/taxonomy/187124","victoria","Goura","Columbidae","Columbiformes","Aves","Goura victoria","species",NA,NA,NA,NA,NA,NA,NA,NA,"Goura victoria","NT"
"https://www.ncbi.nlm.nih.gov/taxonomy/116992","religiosa","Gracula","Sturnidae","Passeriformes","Aves","Gracula religiosa","species",NA,NA,NA,NA,NA,NA,NA,NA,"Gracula religiosa","LC"
"https://www.ncbi.nlm.nih.gov/taxonomy/2861762","rosenbergii","Gymnocrex","Rallidae","Gruiformes","Aves","Gymnocrex rosenbergii","species",NA,NA,NA,NA,NA,NA,NA,NA,"Gymnocrex rosenbergii","VU"
"https://www.ncbi.nlm.nih.gov/taxonomy/1150656","wallacii","Habroptila","Rallidae","Gruiformes","Aves","Habroptila wallacii","species",NA,NA,NA,NA,NA,NA,NA,NA,"Habroptila wallacii","VU"
"https://www.ncbi.nlm.nih.gov/taxonomy/475776","sanguiniceps","Haematortyx","Phasianidae","Galliformes","Aves","Haematortyx sanguiniceps","species",NA,NA,NA,NA,NA,NA,NA,NA,"Haematortyx sanguiniceps","LC"
"https://www.ncbi.nlm.nih.gov/taxonomy/9634","malayanus","Helarctos","Ursidae","Carnivora","Mammalia","Helarctos malayanus","species",46000,50,20,30,3,2,1,3,"Helarctos malayanus","VU"
"https://www.ncbi.nlm.nih.gov/taxonomy/94192","derbyanus","Hemigalus","Viverridae","Carnivora","Mammalia","Hemigalus derbyanus","species",2375,100,0,0,1,3,1,1,"Hemigalus derbyanus","NT"
"https://www.ncbi.nlm.nih.gov/taxonomy/690596","cinereus","Hemixos","Pycnonotidae","Passeriformes","Aves","Hemixos cinereus","species",NA,NA,NA,NA,NA,NA,NA,NA,"Hemixos cinereus","LC"
"https://www.ncbi.nlm.nih.gov/taxonomy/9699",NA,"Herpestes","Herpestidae","Carnivora","Mammalia","Herpestes","genus",NA,NA,NA,NA,NA,NA,NA,NA,"Herpestes",NA
"https://www.ncbi.nlm.nih.gov/taxonomy/643831","brachyurus","Herpestes","Herpestidae","Carnivora","Mammalia","Herpestes brachyurus","species",1396.16,30,60,10,3,2,2,1,"Herpestes brachyurus","NT"
"https://www.ncbi.nlm.nih.gov/taxonomy/39705","edwardsii","Urva","Herpestidae","Carnivora","Mammalia","Urva edwardsii","species",NA,NA,NA,NA,NA,NA,NA,NA,"Urva edwardsii",NA
"https://www.ncbi.nlm.nih.gov/taxonomy/140016","javanica","Urva","Herpestidae","Carnivora","Mammalia","Urva javanica","species",NA,NA,NA,NA,NA,NA,NA,NA,"Urva javanica",NA
"https://www.ncbi.nlm.nih.gov/taxonomy/1585997","semitorquatus","Herpestes","Herpestidae","Carnivora","Mammalia","Herpestes semitorquatus","species",1396.16,30,60,10,3,2,2,1,"Herpestes semitorquatus","NT"
"https://www.ncbi.nlm.nih.gov/taxonomy/643832","smithii","Herpestes","Herpestidae","Carnivora","Mammalia","Herpestes smithii","species",1702.5,30,60,10,3,3,2,2,"Herpestes smithii","LC"
"https://www.ncbi.nlm.nih.gov/taxonomy/328699","urva","Herpestes","Herpestidae","Carnivora","Mammalia","Herpestes urva","species",2123.695,30,60,10,3,3,2,4,"Herpestes urva","LC"
"https://www.ncbi.nlm.nih.gov/taxonomy/1149634","picaoides","Heterophasia","Leiothrichidae","Passeriformes","Aves","Heterophasia picaoides","species",NA,NA,NA,NA,NA,NA,NA,NA,"Heterophasia picaoides","LC"
"https://www.ncbi.nlm.nih.gov/taxonomy/9606","sapiens","Homo","Hominidae","Primates","Mammalia","Homo sapiens","species",62035,6,29,65,1,2,3,NA,"Not recognised",NA
"https://www.ncbi.nlm.nih.gov/taxonomy/95912","hyaena","Hyaena","Hyaenidae","Carnivora","Mammalia","Hyaena hyaena","species",35070.51,10,80,10,1,2,2,2,"Hyaena hyaena","NT"
"https://www.ncbi.nlm.nih.gov/taxonomy/137537","baudii","Hydrornis","Pittidae","Passeriformes","Aves","Hydrornis baudii","species",NA,NA,NA,NA,NA,NA,NA,NA,"Hydrornis baudii","VU"
"https://www.ncbi.nlm.nih.gov/taxonomy/397296","elliotii","Hydrornis","Pittidae","Passeriformes","Aves","Hydrornis elliotii","species",NA,NA,NA,NA,NA,NA,NA,NA,"Hydrornis elliotii","LC"
"https://www.ncbi.nlm.nih.gov/taxonomy/363771","oatesi","Hydrornis","Pittidae","Passeriformes","Aves","Hydrornis oatesi","species",NA,NA,NA,NA,NA,NA,NA,NA,"Hydrornis oatesi","LC"
"https://www.ncbi.nlm.nih.gov/taxonomy/2744962","schwaneri","Hydrornis","Pittidae","Passeriformes","Aves","Hydrornis schwaneri","species",NA,NA,NA,NA,NA,NA,NA,NA,"Hydrornis schwaneri","LC"
"https://www.ncbi.nlm.nih.gov/taxonomy/363772","soror","Hydrornis","Pittidae","Passeriformes","Aves","Hydrornis soror","species",NA,NA,NA,NA,NA,NA,NA,NA,"Hydrornis soror","LC"
"https://www.ncbi.nlm.nih.gov/taxonomy/2494278","porcinus","Hyelaphus","Cervidae","Artiodactyla","Mammalia","Hyelaphus porcinus","species",NA,NA,NA,NA,NA,NA,NA,NA,"Hyelaphus porcinus",NA
"https://www.ncbi.nlm.nih.gov/taxonomy/9579","agilis","Hylobates","Hylobatidae","Primates","Mammalia","Hylobates agilis","species",5829.08,10,0,90,2,2,3,1,"Hylobates agilis","EN"
"https://www.ncbi.nlm.nih.gov/taxonomy/9580","lar","Hylobates","Hylobatidae","Primates","Mammalia","Hylobates lar","species",6194.305,10,0,90,2,1,3,1,"Hylobates lar","EN"
"https://www.ncbi.nlm.nih.gov/taxonomy/10135",NA,NA,"Hystricidae","Rodentia","Mammalia","Hystricidae","family",NA,NA,NA,NA,NA,NA,NA,NA,"Hystricidae",NA
"https://www.ncbi.nlm.nih.gov/taxonomy/143286","brachyura","Hystrix","Hystricidae","Rodentia","Mammalia","Hystrix brachyura","species",8000,0,0,100,2,1,1,3,"Hystrix brachyura","LC"
"https://www.ncbi.nlm.nih.gov/taxonomy/1936104","crassispinis","Hystrix","Hystricidae","Rodentia","Mammalia","Hystrix crassispinis","species",4584.6,0,0,100,2,1,1,1,"Hystrix crassispinis","LC"
"https://www.ncbi.nlm.nih.gov/taxonomy/192883","indica","Hystrix","Hystricidae","Rodentia","Mammalia","Hystrix indica","species",17325,0,0,100,2,1,1,4,"Hystrix indica","LC"
"https://www.ncbi.nlm.nih.gov/taxonomy/201345","striata","Kenopia","Timaliidae","Passeriformes","Aves","Kenopia striata","species",NA,NA,NA,NA,NA,NA,NA,NA,"Kenopia striata","NT"
"https://www.ncbi.nlm.nih.gov/taxonomy/2653979","ketupu","Ketupa","Strigidae","Strigiformes","Aves","Ketupa ketupu","species",NA,NA,NA,NA,NA,NA,NA,NA,"Ketupa ketupu","LC"
"https://www.ncbi.nlm.nih.gov/taxonomy/466050","tigrinus","Lanius","Laniidae","Passeriformes","Aves","Lanius tigrinus","species",NA,NA,NA,NA,NA,NA,NA,NA,"Lanius tigrinus","LC"
"https://www.ncbi.nlm.nih.gov/taxonomy/226558","insignis","Lariscus","Sciuridae","Rodentia","Mammalia","Lariscus insignis","species",174.41,0,0,100,2,1,3,1,"Lariscus insignis","LC"
"https://www.ncbi.nlm.nih.gov/taxonomy/69073","sabanus","Leopoldamys","Muridae","Rodentia","Mammalia","Leopoldamys sabanus","species",347.61,50,0,50,2,2,1,1,"Leopoldamys sabanus","LC"
"https://www.ncbi.nlm.nih.gov/taxonomy/52779","javanicus","Leptoptilos","Ciconiidae","Ciconiiformes","Aves","Leptoptilos javanicus","species",NA,NA,NA,NA,NA,NA,NA,NA,"Leptoptilos javanicus","VU"
"https://www.ncbi.nlm.nih.gov/taxonomy/2791018","nigricollis","Lepus","Leporidae","Lagomorpha","Mammalia","Lepus nigricollis","species",2196.875,0,0,100,1,1,1,3,"Lepus nigricollis","LC"
"https://www.ncbi.nlm.nih.gov/taxonomy/1418021","peguensis","Lepus","Leporidae","Lagomorpha","Mammalia","Lepus peguensis","species",2267.5,0,0,100,1,1,1,5,"Lepus peguensis","LC"
"https://www.ncbi.nlm.nih.gov/taxonomy/9042","bulweri","Lophura","Phasianidae","Galliformes","Aves","Lophura bulweri","species",NA,NA,NA,NA,NA,NA,NA,NA,"Lophura bulweri","VU"
"https://www.ncbi.nlm.nih.gov/taxonomy/30402","diardi","Lophura","Phasianidae","Galliformes","Aves","Lophura diardi","species",NA,NA,NA,NA,NA,NA,NA,NA,"Lophura diardi","LC"
"https://www.ncbi.nlm.nih.gov/taxonomy/140443","erythrophthalma","Lophura","Phasianidae","Galliformes","Aves","Lophura erythrophthalma","species",NA,NA,NA,NA,NA,NA,NA,NA,"Lophura erythrophthalma","CR"
"https://www.ncbi.nlm.nih.gov/taxonomy/9044","ignita","Lophura","Phasianidae","Galliformes","Aves","Lophura ignita","species",NA,NA,NA,NA,NA,NA,NA,NA,"Lophura ignita","VU"
"https://www.ncbi.nlm.nih.gov/taxonomy/140447","inornata","Lophura","Phasianidae","Galliformes","Aves","Lophura inornata","species",NA,NA,NA,NA,NA,NA,NA,NA,"Lophura inornata","NT"
"https://www.ncbi.nlm.nih.gov/taxonomy/9046","nycthemera","Lophura","Phasianidae","Galliformes","Aves","Lophura nycthemera","species",NA,NA,NA,NA,NA,NA,NA,NA,"Lophura nycthemera","LC"
"https://www.ncbi.nlm.nih.gov/taxonomy/466535","rufa","Lophura","Phasianidae","Galliformes","Aves","Lophura rufa","species",NA,NA,NA,NA,NA,NA,NA,NA,"Lophura rufa","VU"
"https://www.ncbi.nlm.nih.gov/taxonomy/9657","lutra","Lutra","Mustelidae","Carnivora","Mammalia","Lutra lutra","species",7809.345,30,70,0,3,3,2,5,"Lutra lutra","NT"
"https://www.ncbi.nlm.nih.gov/taxonomy/169417",NA,NA,"Mustelidae","Carnivora","Mammalia","Mustelidae","family",NA,NA,NA,NA,NA,NA,NA,NA,"Mustelidae",NA
"https://www.ncbi.nlm.nih.gov/taxonomy/452644","perspicillata","Lutrogale","Mustelidae","Carnivora","Mammalia","Lutrogale perspicillata","species",8956.245,30,70,0,3,3,3,5,"Lutrogale perspicillata","VU"
"https://www.ncbi.nlm.nih.gov/taxonomy/9539",NA,"Macaca","Cercopithecidae","Primates","Mammalia","Macaca","genus",NA,NA,NA,NA,NA,NA,NA,NA,"Macaca",NA
"https://www.ncbi.nlm.nih.gov/taxonomy/9540","arctoides","Macaca","Cercopithecidae","Primates","Mammalia","Macaca arctoides","species",9353,10,0,90,3,2,3,1,"Macaca arctoides","VU"
"https://www.ncbi.nlm.nih.gov/taxonomy/9551","assamensis","Macaca","Cercopithecidae","Primates","Mammalia","Macaca assamensis","species",8900,10,0,90,3,2,3,1,"Macaca assamensis","NT"
"https://www.ncbi.nlm.nih.gov/taxonomy/9541","fascicularis","Macaca","Cercopithecidae","Primates","Mammalia","Macaca fascicularis","species",4569.32,50,0,50,2,3,3,3,"Macaca fascicularis","EN"
"https://www.ncbi.nlm.nih.gov/taxonomy/90387","leonina","Macaca","Cercopithecidae","Primates","Mammalia","Macaca leonina","species",7603.39,10,0,90,1,1,3,1,"Macaca leonina","VU"
"https://www.ncbi.nlm.nih.gov/taxonomy/1885588","leucogenys","Macaca","Cercopithecidae","Primates","Mammalia","Macaca leucogenys","species",NA,NA,NA,NA,NA,NA,NA,NA,"Macaca leucogenys","EN"
"https://www.ncbi.nlm.nih.gov/taxonomy/9544","mulatta","Macaca","Cercopithecidae","Primates","Mammalia","Macaca mulatta","species",6614,10,0,90,3,2,3,4,"Macaca mulatta","LC"
"https://www.ncbi.nlm.nih.gov/taxonomy/9545","nemestrina","Macaca","Cercopithecidae","Primates","Mammalia","Macaca nemestrina","species",7603.39,10,0,90,1,1,3,2,"Macaca nemestrina","EN"
"https://www.ncbi.nlm.nih.gov/taxonomy/54600","nigra","Macaca","Cercopithecidae","Primates","Mammalia","Macaca nigra","species",7662.195,10,0,90,1,2,3,1,"Macaca nigra","CR"
"https://www.ncbi.nlm.nih.gov/taxonomy/90385","ochreata","Macaca","Cercopithecidae","Primates","Mammalia","Macaca ochreata","species",7290.3,10,0,90,3,2,3,1,"Macaca ochreata","VU"
"https://www.ncbi.nlm.nih.gov/taxonomy/177178","maleo","Macrocephalon","Megapodiidae","Galliformes","Aves","Macrocephalon maleo","species",NA,NA,NA,NA,NA,NA,NA,NA,"Macrocephalon maleo","CR"
"https://www.ncbi.nlm.nih.gov/taxonomy/1792496","malaccense","Pellorneum","Pellorneidae","Passeriformes","Aves","Pellorneum malaccense","species",NA,NA,NA,NA,NA,NA,NA,NA,"Pellorneum malaccense","NT"
"https://www.ncbi.nlm.nih.gov/taxonomy/1070450","affine","Malacopteron","Timaliidae","Passeriformes","Aves","Malacopteron affine","species",NA,NA,NA,NA,NA,NA,NA,NA,"Malacopteron affine","NT"
"https://www.ncbi.nlm.nih.gov/taxonomy/9972",NA,NA,"Manidae","Pholidota","Mammalia","Manidae","family",NA,NA,NA,NA,NA,NA,NA,NA,"Manidae",NA
"https://www.ncbi.nlm.nih.gov/taxonomy/9973",NA,"Manis","Manidae","Pholidota","Mammalia","Manis","genus",NA,NA,NA,NA,NA,NA,NA,NA,"Manis",NA
"https://www.ncbi.nlm.nih.gov/taxonomy/1496684","crassicaudata","Manis","Manidae","Pholidota","Mammalia","Manis crassicaudata","species",11963.78,100,0,0,1,3,1,3,"Manis crassicaudata","EN"
"https://www.ncbi.nlm.nih.gov/taxonomy/9974","javanica","Manis","Manidae","Pholidota","Mammalia","Manis javanica","species",4540.855,100,0,0,1,3,1,4,"Manis javanica","CR"
"https://www.ncbi.nlm.nih.gov/taxonomy/143292","pentadactyla","Manis","Manidae","Pholidota","Mammalia","Manis pentadactyla","species",3637.5,100,0,0,1,3,1,3,"Manis pentadactyla","CR"
"https://www.ncbi.nlm.nih.gov/taxonomy/74864","flavigula","Martes","Mustelidae","Carnivora","Mammalia","Martes flavigula","species",2500,10,80,10,3,2,3,3,"Martes flavigula","LC"
"https://www.ncbi.nlm.nih.gov/taxonomy/9659","foina","Martes","Mustelidae","Carnivora","Mammalia","Martes foina","species",1700,0,70,30,3,2,2,4,"Martes foina","LC"
"https://www.ncbi.nlm.nih.gov/taxonomy/69080",NA,"Maxomys","Muridae","Rodentia","Mammalia","Maxomys","genus",NA,NA,NA,NA,NA,NA,NA,NA,"Maxomys",NA
"https://www.ncbi.nlm.nih.gov/taxonomy/69081","surifer","Maxomys","Muridae","Rodentia","Mammalia","Maxomys surifer","species",150.48,10,10,80,3,2,1,2,"Maxomys surifer","LC"
"https://www.ncbi.nlm.nih.gov/taxonomy/177165","cumingii","Megapodius","Megapodiidae","Galliformes","Aves","Megapodius cumingii","species",NA,NA,NA,NA,NA,NA,NA,NA,"Megapodius cumingii","LC"
"https://www.ncbi.nlm.nih.gov/taxonomy/177166","decollatus","Megapodius","Megapodiidae","Galliformes","Aves","Megapodius decollatus","species",NA,NA,NA,NA,NA,NA,NA,NA,"Megapodius decollatus","LC"
"https://www.ncbi.nlm.nih.gov/taxonomy/8979","freycinet","Megapodius","Megapodiidae","Galliformes","Aves","Megapodius freycinet","species",NA,NA,NA,NA,NA,NA,NA,NA,"Megapodius freycinet","LC"
"https://www.ncbi.nlm.nih.gov/taxonomy/9664","capensis","Mellivora","Mustelidae","Carnivora","Mammalia","Mellivora capensis","species",10000,20,70,10,3,2,3,4,"Mellivora capensis","LC"
"https://www.ncbi.nlm.nih.gov/taxonomy/204266",NA,"Melogale","Mustelidae","Carnivora","Mammalia","Melogale","genus",NA,NA,NA,NA,NA,NA,NA,NA,"Melogale",NA
"https://www.ncbi.nlm.nih.gov/taxonomy/204267","moschata","Melogale","Mustelidae","Carnivora","Mammalia","Melogale moschata","species",805.25,40,30,30,3,3,2,4,"Melogale moschata","LC"
"https://www.ncbi.nlm.nih.gov/taxonomy/470562","personata","Melogale","Mustelidae","Carnivora","Mammalia","Melogale personata","species",1922.63,40,30,30,3,3,2,4,"Melogale personata","LC"
"https://www.ncbi.nlm.nih.gov/taxonomy/9636","ursinus","Melursus","Ursidae","Carnivora","Mammalia","Melursus ursinus","species",99999.99,70,0,30,2,2,2,3,"Melursus ursinus","VU"
"https://www.ncbi.nlm.nih.gov/taxonomy/52808","berdmorei","Menetes","Sciuridae","Rodentia","Mammalia","Menetes berdmorei","species",195,0,0,100,2,1,3,3,"Menetes berdmorei","LC"
"https://www.ncbi.nlm.nih.gov/taxonomy/45806",NA,"Motacilla","Motacillidae","Passeriformes","Aves","Motacilla","genus",NA,NA,NA,NA,NA,NA,NA,NA,"Motacilla",NA
"https://www.ncbi.nlm.nih.gov/taxonomy/9885",NA,"Muntiacus","Cervidae","Artiodactyla","Mammalia","Muntiacus","genus",NA,NA,NA,NA,NA,NA,NA,NA,"Muntiacus",NA
"https://www.ncbi.nlm.nih.gov/taxonomy/1826178","atherodes","Muntiacus","Cervidae","Artiodactyla","Mammalia","Muntiacus atherodes","species",18939.1,0,0,100,2,1,2,2,"Muntiacus atherodes","NT"
"https://www.ncbi.nlm.nih.gov/taxonomy/71855","feae","Muntiacus","Cervidae","Artiodactyla","Mammalia","Muntiacus feae","species",21999.99,0,0,100,2,1,2,1,"Muntiacus feae","DD"
"https://www.ncbi.nlm.nih.gov/taxonomy/9888","muntjak","Muntiacus","Cervidae","Artiodactyla","Mammalia","Muntiacus muntjak","species",17611.59,0,0,100,2,1,2,2,"Muntiacus muntjak","LC"
"https://www.ncbi.nlm.nih.gov/taxonomy/9886","reevesi","Muntiacus","Cervidae","Artiodactyla","Mammalia","Muntiacus reevesi","species",13499.94,0,0,100,2,1,2,2,"Muntiacus reevesi","LC"
"https://www.ncbi.nlm.nih.gov/taxonomy/109295","rooseveltorum","Muntiacus","Cervidae","Artiodactyla","Mammalia","Muntiacus rooseveltorum","species",13499.94,0,0,100,2,1,2,1,"Muntiacus rooseveltorum","DD"
"https://www.ncbi.nlm.nih.gov/taxonomy/9887","vaginalis","Muntiacus","Cervidae","Artiodactyla","Mammalia","Muntiacus vaginalis","species",17611.59,0,0,100,2,1,2,4,"Muntiacus vaginalis","LC"
"https://www.ncbi.nlm.nih.gov/taxonomy/109296","vuquangensis","Muntiacus","Cervidae","Artiodactyla","Mammalia","Muntiacus vuquangensis","species",36690.82,0,0,100,1,1,2,1,"Muntiacus vuquangensis","CR"
"https://www.ncbi.nlm.nih.gov/taxonomy/10066",NA,NA,"Muridae","Rodentia","Mammalia","Muridae","family",NA,NA,NA,NA,NA,NA,NA,NA,"Muridae",NA
"https://www.ncbi.nlm.nih.gov/taxonomy/36291",NA,NA,"Muscicapidae","Passeriformes","Aves","Muscicapidae","family",NA,NA,NA,NA,NA,NA,NA,NA,"Muscicapidae",NA
"https://www.ncbi.nlm.nih.gov/taxonomy/9665",NA,"Mustela","Mustelidae","Carnivora","Mammalia","Mustela","genus",NA,NA,NA,NA,NA,NA,NA,NA,"Mustela",NA
"https://www.ncbi.nlm.nih.gov/taxonomy/272460","kathiah","Mustela","Mustelidae","Carnivora","Mammalia","Mustela kathiah","species",263.74,0,100,0,1,3,2,2,"Mustela kathiah","LC"
"https://www.ncbi.nlm.nih.gov/taxonomy/415383","nudipes","Mustela","Mustelidae","Carnivora","Mammalia","Mustela nudipes","species",569.42,0,100,0,1,3,2,3,"Mustela nudipes","LC"
"https://www.ncbi.nlm.nih.gov/taxonomy/9655",NA,NA,"Mustelidae","Carnivora","Mammalia","Mustelidae","family",NA,NA,NA,NA,NA,NA,NA,NA,"Mustelidae",NA
"https://www.ncbi.nlm.nih.gov/taxonomy/311557","javanensis","Mydaus","Mephitidae","Carnivora","Mammalia","Mydaus javanensis","species",2500,80,0,20,2,3,1,4,"Mydaus javanensis","LC"
"https://www.ncbi.nlm.nih.gov/taxonomy/55045","marchei","Mydaus","Mephitidae","Carnivora","Mammalia","Mydaus marchei","species",2500,80,0,20,2,3,2,4,"Mydaus marchei","LC"
"https://www.ncbi.nlm.nih.gov/taxonomy/869933","caeruleus","Myophonus","Muscicapidae","Passeriformes","Aves","Myophonus caeruleus","species",NA,NA,NA,NA,NA,NA,NA,NA,"Myophonus caeruleus","LC"
"https://www.ncbi.nlm.nih.gov/taxonomy/758462","melanurus","Myophonus","Muscicapidae","Passeriformes","Aves","Myophonus melanurus","species",NA,NA,NA,NA,NA,NA,NA,NA,"Myophonus melanurus","LC"
"https://www.ncbi.nlm.nih.gov/taxonomy/34871","goral","Naemorhedus","Bovidae","Artiodactyla","Mammalia","Naemorhedus goral","species",28231.59,0,0,100,1,1,2,4,"Naemorhedus goral","NT"
"https://www.ncbi.nlm.nih.gov/taxonomy/427616","diardi","Neofelis","Felidae","Carnivora","Mammalia","Neofelis diardi","species",22500,0,100,0,1,3,3,1,"Neofelis diardi","VU"
"https://www.ncbi.nlm.nih.gov/taxonomy/61452","nebulosa","Neofelis","Felidae","Carnivora","Mammalia","Neofelis nebulosa","species",19500,0,100,0,1,3,3,1,"Neofelis nebulosa","VU"
"https://www.ncbi.nlm.nih.gov/taxonomy/104114","netscheri","Nesolagus","Leporidae","Lagomorpha","Mammalia","Nesolagus netscheri","species",1511.67,0,0,100,1,1,1,2,"Nesolagus netscheri","DD"
"https://www.ncbi.nlm.nih.gov/taxonomy/235651","timminsi","Nesolagus","Leporidae","Lagomorpha","Mammalia","Nesolagus timminsi","species",2107.4,0,0,100,1,1,1,1,"Nesolagus timminsi","EN"
"https://www.ncbi.nlm.nih.gov/taxonomy/307441","alboniger","Nisaetus","Accipitridae","Accipitriformes","Aves","Nisaetus alboniger","species",NA,NA,NA,NA,NA,NA,NA,NA,"Nisaetus alboniger","LC"
"https://www.ncbi.nlm.nih.gov/taxonomy/252795","cirrhatus","Nisaetus","Accipitridae","Accipitriformes","Aves","Nisaetus cirrhatus","species",NA,NA,NA,NA,NA,NA,NA,NA,"Nisaetus cirrhatus","LC"
"https://www.ncbi.nlm.nih.gov/taxonomy/248811","confucianus","Niviventer","Muridae","Rodentia","Mammalia","Niviventer confucianus","species",65,20,0,80,4,2,1,2,"Niviventer confucianus","LC"
"https://www.ncbi.nlm.nih.gov/taxonomy/325165",NA,"Nomascus","Hylobatidae","Primates","Mammalia","Nomascus","genus",NA,NA,NA,NA,NA,NA,NA,NA,"Nomascus",NA
"https://www.ncbi.nlm.nih.gov/taxonomy/9977",NA,"Ochotona","Ochotonidae","Lagomorpha","Mammalia","Ochotona","genus",NA,NA,NA,NA,NA,NA,NA,NA,"Ochotona",NA
"https://www.ncbi.nlm.nih.gov/taxonomy/330748","atrogularis","Orthotomus","Cisticolidae","Passeriformes","Aves","Orthotomus atrogularis","species",NA,NA,NA,NA,NA,NA,NA,NA,"Orthotomus atrogularis","LC"
"https://www.ncbi.nlm.nih.gov/taxonomy/1200317","ruficeps","Orthotomus","Cisticolidae","Passeriformes","Aves","Orthotomus ruficeps","species",NA,NA,NA,NA,NA,NA,NA,NA,"Orthotomus ruficeps","LC"
"https://www.ncbi.nlm.nih.gov/taxonomy/9675","larvata","Paguma","Viverridae","Carnivora","Mammalia","Paguma larvata","species",4300,20,60,20,3,2,1,3,"Paguma larvata","LC"
"https://www.ncbi.nlm.nih.gov/taxonomy/9691","pardus","Panthera","Felidae","Carnivora","Mammalia","Panthera pardus","species",53074.995,0,100,0,1,3,1,6,"Panthera pardus","VU"
"https://www.ncbi.nlm.nih.gov/taxonomy/9694","tigris","Panthera","Felidae","Carnivora","Mammalia","Panthera tigris","species",128800,0,100,0,1,3,2,2,"Panthera tigris","EN"
"https://www.ncbi.nlm.nih.gov/taxonomy/29064","uncia","Panthera","Felidae","Carnivora","Mammalia","Panthera uncia","species",47812.5,0,100,0,1,3,2,3,"Panthera uncia","VU"
"https://www.ncbi.nlm.nih.gov/taxonomy/71116",NA,"Paradoxurus","Viverridae","Carnivora","Mammalia","Paradoxurus","genus",NA,NA,NA,NA,NA,NA,NA,NA,"Paradoxurus",NA
"https://www.ncbi.nlm.nih.gov/taxonomy/71117","hermaphroditus","Paradoxurus","Viverridae","Carnivora","Mammalia","Paradoxurus hermaphroditus","species",3180,20,40,40,4,2,1,4,"Paradoxurus hermaphroditus","LC"
"https://www.ncbi.nlm.nih.gov/taxonomy/61410","marmorata","Pardofelis","Felidae","Carnivora","Mammalia","Pardofelis marmorata","species",47362.495,0,100,0,1,3,1,1,"Pardofelis marmorata","NT"
"https://www.ncbi.nlm.nih.gov/taxonomy/9126",NA,NA,NA,"Passeriformes","Aves","Passeriformes","order",NA,NA,NA,NA,NA,NA,NA,NA,"Passeriformes",NA
"https://www.ncbi.nlm.nih.gov/taxonomy/9050","muticus","Pavo","Phasianidae","Galliformes","Aves","Pavo muticus","species",NA,NA,NA,NA,NA,NA,NA,NA,"Pavo muticus","EN"
"https://www.ncbi.nlm.nih.gov/taxonomy/1743389",NA,NA,"Pellorneidae","Passeriformes","Aves","Pellorneidae","family",NA,NA,NA,NA,NA,NA,NA,NA,"Pellorneidae",NA
"https://www.ncbi.nlm.nih.gov/taxonomy/589853","capistratum","Pellorneum","Pellorneidae","Passeriformes","Aves","Pellorneum capistratum","species",NA,NA,NA,NA,NA,NA,NA,NA,"Pellorneum capistratum","LC"
"https://www.ncbi.nlm.nih.gov/taxonomy/1792496","malaccense","Pellorneum","Pellorneidae","Passeriformes","Aves","Pellorneum malaccense","species",NA,NA,NA,NA,NA,NA,NA,NA,"Pellorneum malaccense","NT"
"https://www.ncbi.nlm.nih.gov/taxonomy/38611",NA,NA,NA,"Peramelemorphia","Mammalia","Peramelemorphia","order",NA,NA,NA,NA,NA,NA,NA,NA,"Peramelemorphia",NA
"https://www.ncbi.nlm.nih.gov/taxonomy/43551","apivorus","Pernis","Accipitridae","Accipitriformes","Aves","Pernis apivorus","species",NA,NA,NA,NA,NA,NA,NA,NA,"Pernis apivorus","LC"
"https://www.ncbi.nlm.nih.gov/taxonomy/135717","elegans","Petaurista","Sciuridae","Rodentia","Mammalia","Petaurista elegans","species",1224,10,0,90,3,2,1,1,"Petaurista elegans","LC"
"https://www.ncbi.nlm.nih.gov/taxonomy/55157","petaurista","Petaurista","Sciuridae","Rodentia","Mammalia","Petaurista petaurista","species",1330,10,0,90,3,2,1,1,"Petaurista petaurista","LC"
"https://www.ncbi.nlm.nih.gov/taxonomy/65615","gymnotis","Phalanger","Phalangeridae","Diprotodontia","Mammalia","Phalanger gymnotis","species",2400,0,0,100,1,2,1,2,"Phalanger gymnotis","LC"
"https://www.ncbi.nlm.nih.gov/taxonomy/9005",NA,NA,"Phasianidae","Galliformes","Aves","Phasianidae","family",NA,NA,NA,NA,NA,NA,NA,NA,"Phasianidae",NA
"https://www.ncbi.nlm.nih.gov/taxonomy/9971",NA,NA,NA,"Pholidota","Mammalia","Pholidota","order",NA,NA,NA,NA,NA,NA,NA,NA,"Pholidota",NA
"https://www.ncbi.nlm.nih.gov/taxonomy/535306","puniceus","Picus","Picidae","Piciformes","Aves","Picus puniceus","species",NA,NA,NA,NA,NA,NA,NA,NA,"Picus puniceus","LC"
"https://www.ncbi.nlm.nih.gov/taxonomy/265622","guajana","Hydrornis","Pittidae","Passeriformes","Aves","Hydrornis guajana","species",NA,NA,NA,NA,NA,NA,NA,NA,"Hydrornis guajana",NA
"https://www.ncbi.nlm.nih.gov/taxonomy/397298","maxima","Pitta","Pittidae","Passeriformes","Aves","Pitta maxima","species",NA,NA,NA,NA,NA,NA,NA,NA,"Pitta maxima","LC"
"https://www.ncbi.nlm.nih.gov/taxonomy/9163","sordida","Pitta","Pittidae","Passeriformes","Aves","Pitta sordida","species",NA,NA,NA,NA,NA,NA,NA,NA,"Pitta sordida","LC"
"https://www.ncbi.nlm.nih.gov/taxonomy/9161",NA,NA,"Pittidae","Passeriformes","Aves","Pittidae","family",NA,NA,NA,NA,NA,NA,NA,NA,"Pittidae",NA
"https://www.ncbi.nlm.nih.gov/taxonomy/8903",NA,NA,"Podargidae","Caprimulgiformes","Aves","Podargidae","family",NA,NA,NA,NA,NA,NA,NA,NA,"Podargidae",NA
"https://www.ncbi.nlm.nih.gov/taxonomy/9059","bicalcaratum","Polyplectron","Phasianidae","Galliformes","Aves","Polyplectron bicalcaratum","species",NA,NA,NA,NA,NA,NA,NA,NA,"Polyplectron bicalcaratum","LC"
"https://www.ncbi.nlm.nih.gov/taxonomy/142657","chalcurum","Polyplectron","Phasianidae","Galliformes","Aves","Polyplectron chalcurum","species",NA,NA,NA,NA,NA,NA,NA,NA,"Polyplectron chalcurum","LC"
"https://www.ncbi.nlm.nih.gov/taxonomy/142660","malacense","Polyplectron","Phasianidae","Galliformes","Aves","Polyplectron malacense","species",NA,NA,NA,NA,NA,NA,NA,NA,"Polyplectron malacense","EN"
"https://www.ncbi.nlm.nih.gov/taxonomy/9599",NA,"Pongo","Hominidae","Primates","Mammalia","Pongo","genus",NA,NA,NA,NA,NA,NA,NA,NA,"Pongo",NA
"https://www.ncbi.nlm.nih.gov/taxonomy/9600","pygmaeus","Pongo","Hominidae","Primates","Mammalia","Pongo pygmaeus","species",58941.645,10,10,80,1,2,3,1,"Pongo pygmaeus","CR"
"https://www.ncbi.nlm.nih.gov/taxonomy/9573",NA,"Presbytis","Cercopithecidae","Primates","Mammalia","Presbytis","genus",NA,NA,NA,NA,NA,NA,NA,NA,"Presbytis",NA
"https://www.ncbi.nlm.nih.gov/taxonomy/78452","comata","Presbytis","Cercopithecidae","Primates","Mammalia","Presbytis comata","species",6550.07,0,0,100,3,1,3,1,"Presbytis comata","VU"
"https://www.ncbi.nlm.nih.gov/taxonomy/78453","femoralis","Presbytis","Cercopithecidae","Primates","Mammalia","Presbytis femoralis","species",6466.75,0,0,100,3,1,3,2,"Presbytis femoralis","CR"
"https://www.ncbi.nlm.nih.gov/taxonomy/1046092","frontata","Presbytis","Cercopithecidae","Primates","Mammalia","Presbytis frontata","species",5855.05,0,0,100,3,1,3,1,"Presbytis frontata","VU"
"https://www.ncbi.nlm.nih.gov/taxonomy/1046093","hosei","Presbytis","Cercopithecidae","Primates","Mammalia","Presbytis hosei","species",6277.78,0,0,100,3,2,3,1,"Presbytis hosei","VU"
"https://www.ncbi.nlm.nih.gov/taxonomy/78451","melalophos","Presbytis","Cercopithecidae","Primates","Mammalia","Presbytis melalophos","species",6466.75,0,0,100,3,1,3,1,"Presbytis melalophos","EN"
"https://www.ncbi.nlm.nih.gov/taxonomy/1046101","rubicunda","Presbytis","Cercopithecidae","Primates","Mammalia","Presbytis rubicunda","species",6324.265,0,0,100,3,1,3,1,"Presbytis rubicunda","VU"
"https://www.ncbi.nlm.nih.gov/taxonomy/9443",NA,NA,NA,"Primates","Mammalia","Primates","order",NA,NA,NA,NA,NA,NA,NA,NA,"Primates",NA
"https://www.ncbi.nlm.nih.gov/taxonomy/37029","bengalensis","Prionailurus","Felidae","Carnivora","Mammalia","Prionailurus bengalensis","species",4150,0,100,0,1,3,2,3,"Prionailurus bengalensis","LC"
"https://www.ncbi.nlm.nih.gov/taxonomy/61403","planiceps","Prionailurus","Felidae","Carnivora","Mammalia","Prionailurus planiceps","species",5141.88,0,100,0,2,3,1,2,"Prionailurus planiceps","EN"
"https://www.ncbi.nlm.nih.gov/taxonomy/61387","rubiginosus","Prionailurus","Felidae","Carnivora","Mammalia","Prionailurus rubiginosus","species",1350,0,100,0,1,3,1,5,"Prionailurus rubiginosus","NT"
"https://www.ncbi.nlm.nih.gov/taxonomy/61388","viverrinus","Prionailurus","Felidae","Carnivora","Mammalia","Prionailurus viverrinus","species",10650,20,80,0,4,3,1,5,"Prionailurus viverrinus","VU"
"https://www.ncbi.nlm.nih.gov/taxonomy/94194","linsang","Prionodon","Viverridae","Carnivora","Mammalia","Prionodon linsang","species",691.415,30,70,0,2,3,1,1,"Prionodon linsang","LC"
"https://www.ncbi.nlm.nih.gov/taxonomy/205655","pardicolor","Prionodon","Viverridae","Carnivora","Mammalia","Prionodon pardicolor","species",2821.34,30,70,0,2,3,1,3,"Prionodon pardicolor","LC"
"https://www.ncbi.nlm.nih.gov/taxonomy/59542","nayaur","Pseudois","Bovidae","Artiodactyla","Mammalia","Pseudois nayaur","species",50917.595,0,0,100,1,1,2,3,"Pseudois nayaur","LC"
"https://www.ncbi.nlm.nih.gov/taxonomy/320338","lowii","Ptilocercus","Tupaiidae","Scandentia","Mammalia","Ptilocercus lowii","species",42.5,40,30,30,3,2,1,1,"Ptilocercus lowii","LC"
"https://www.ncbi.nlm.nih.gov/taxonomy/54133","nemaeus","Pygathrix","Cercopithecidae","Primates","Mammalia","Pygathrix nemaeus","species",9875,0,0,100,2,1,3,1,"Pygathrix nemaeus","CR"
"https://www.ncbi.nlm.nih.gov/taxonomy/547197","eurizonoides","Rallina","Rallidae","Gruiformes","Aves","Rallina eurizonoides","species",NA,NA,NA,NA,NA,NA,NA,NA,"Rallina eurizonoides","LC"
"https://www.ncbi.nlm.nih.gov/taxonomy/1294538","fasciata","Rallina","Rallidae","Gruiformes","Aves","Rallina fasciata","species",NA,NA,NA,NA,NA,NA,NA,NA,"Rallina fasciata","LC"
"https://www.ncbi.nlm.nih.gov/taxonomy/10114",NA,"Rattus","Muridae","Rodentia","Mammalia","Rattus","genus",NA,NA,NA,NA,NA,NA,NA,NA,"Rattus",NA
"https://www.ncbi.nlm.nih.gov/taxonomy/508668","nitidus","Rattus","Muridae","Rodentia","Mammalia","Rattus nitidus","species",100.02,30,0,70,3,2,1,3,"Rattus nitidus","LC"
"https://www.ncbi.nlm.nih.gov/taxonomy/583359","pyctoris","Rattus","Muridae","Rodentia","Mammalia","Rattus pyctoris","species",136,30,0,70,3,2,1,3,"Rattus pyctoris","LC"
"https://www.ncbi.nlm.nih.gov/taxonomy/10117","rattus","Rattus","Muridae","Rodentia","Mammalia","Rattus rattus","species",200,30,0,70,3,2,1,5,"Rattus rattus","LC"
"https://www.ncbi.nlm.nih.gov/taxonomy/83755","tiomanicus","Rattus","Muridae","Rodentia","Mammalia","Rattus tiomanicus","species",142.68,30,0,70,3,2,1,3,"Rattus tiomanicus","LC"
"https://www.ncbi.nlm.nih.gov/taxonomy/226821","affinis","Ratufa","Sciuridae","Rodentia","Mammalia","Ratufa affinis","species",1155.82,10,10,80,3,1,3,1,"Ratufa affinis","NT"
"https://www.ncbi.nlm.nih.gov/taxonomy/226822","bicolor","Ratufa","Sciuridae","Rodentia","Mammalia","Ratufa bicolor","species",2000,10,10,80,3,1,3,1,"Ratufa bicolor","NT"
"https://www.ncbi.nlm.nih.gov/taxonomy/151216","ocellata","Rheinardia","Phasianidae","Galliformes","Aves","Rheinardia ocellata","species",NA,NA,NA,NA,NA,NA,NA,NA,"Rheinardia ocellata","CR"
"https://www.ncbi.nlm.nih.gov/taxonomy/226835","macrotis","Rheithrosciurus","Sciuridae","Rodentia","Mammalia","Rheithrosciurus macrotis","species",1353.27,0,0,100,1,1,3,1,"Rheithrosciurus macrotis","VU"
"https://www.ncbi.nlm.nih.gov/taxonomy/102233","sondaicus","Rhinoceros","Rhinocerotidae","Perissodactyla","Mammalia","Rhinoceros sondaicus","species",1750000,0,0,100,2,1,2,1,"Rhinoceros sondaicus","CR"
"https://www.ncbi.nlm.nih.gov/taxonomy/9809","unicornis","Rhinoceros","Rhinocerotidae","Perissodactyla","Mammalia","Rhinoceros unicornis","species",1600000,0,0,100,2,1,2,2,"Rhinoceros unicornis","VU"
"https://www.ncbi.nlm.nih.gov/taxonomy/9803",NA,NA,"Rhinocerotidae","Perissodactyla","Mammalia","Rhinocerotidae","family",NA,NA,NA,NA,NA,NA,NA,NA,"Rhinocerotidae",NA
"https://www.ncbi.nlm.nih.gov/taxonomy/226571","laticaudatus","Rhinosciurus","Sciuridae","Rodentia","Mammalia","Rhinosciurus laticaudatus","species",225.65,80,0,20,2,2,3,1,"Rhinosciurus laticaudatus","NT"
"https://www.ncbi.nlm.nih.gov/taxonomy/512575","javanica","Rhipidura","Rhipiduridae","Passeriformes","Aves","Rhipidura javanica","species",NA,NA,NA,NA,NA,NA,NA,NA,"Rhipidura javanica","LC"
"https://www.ncbi.nlm.nih.gov/taxonomy/53273",NA,NA,"Spalacidae","Rodentia","Mammalia","Spalacidae","family",NA,NA,NA,NA,NA,NA,NA,NA,"Spalacidae",NA
"https://www.ncbi.nlm.nih.gov/taxonomy/53274",NA,"Rhizomys","Spalacidae","Rodentia","Mammalia","Rhizomys","genus",NA,NA,NA,NA,NA,NA,NA,NA,"Rhizomys",NA
"https://www.ncbi.nlm.nih.gov/taxonomy/2055140","sumatrensis","Rhizomys","Spalacidae","Rodentia","Mammalia","Rhizomys sumatrensis","species",2750,0,0,100,3,1,1,1,"Rhizomys sumatrensis","LC"
"https://www.ncbi.nlm.nih.gov/taxonomy/1303258","plicatus","Rhyticeros","Bucerotidae","Bucerotiformes","Aves","Rhyticeros plicatus","species",NA,NA,NA,NA,NA,NA,NA,NA,"Rhyticeros plicatus","LC"
"https://www.ncbi.nlm.nih.gov/taxonomy/9989",NA,NA,NA,"Rodentia","Mammalia","Rodentia","order",NA,NA,NA,NA,NA,NA,NA,NA,"Rodentia",NA
"https://www.ncbi.nlm.nih.gov/taxonomy/30405","rouloul","Rollulus","Phasianidae","Galliformes","Aves","Rollulus rouloul","species",NA,NA,NA,NA,NA,NA,NA,NA,"Rollulus rouloul","VU"
"https://www.ncbi.nlm.nih.gov/taxonomy/43328","duvaucelii","Rucervus","Cervidae","Artiodactyla","Mammalia","Rucervus duvaucelii","species",171223.86,0,0,100,1,1,2,4,"Rucervus duvaucelii","VU"
"https://www.ncbi.nlm.nih.gov/taxonomy/1088090","eldii","Rucervus","Cervidae","Artiodactyla","Mammalia","Rucervus eldii","species",95471.61,0,0,100,2,1,2,6,"Rucervus eldii","EN"
"https://www.ncbi.nlm.nih.gov/taxonomy/1088130","timorensis","Rusa","Cervidae","Artiodactyla","Mammalia","Rusa timorensis","species",63000,0,0,100,1,1,2,4,"Rusa timorensis","VU"
"https://www.ncbi.nlm.nih.gov/taxonomy/662561","unicolor","Rusa","Cervidae","Artiodactyla","Mammalia","Rusa unicolor","species",177522.9,0,0,100,1,1,2,6,"Rusa unicolor","VU"
"https://www.ncbi.nlm.nih.gov/taxonomy/9392",NA,NA,NA,"Scandentia","Mammalia","Scandentia","order",NA,NA,NA,NA,NA,NA,NA,NA,"Scandentia",NA
"https://www.ncbi.nlm.nih.gov/taxonomy/66056",NA,NA,"Scincidae","Squamata","Reptilia","Scincidae","family",NA,NA,NA,NA,NA,NA,NA,NA,"Scincidae",NA
"https://www.ncbi.nlm.nih.gov/taxonomy/55153",NA,NA,"Sciuridae","Rodentia","Mammalia","Sciuridae","family",NA,NA,NA,NA,NA,NA,NA,NA,"Sciuridae",NA
"https://www.ncbi.nlm.nih.gov/taxonomy/867382","hector","Semnopithecus","Cercopithecidae","Primates","Mammalia","Semnopithecus hector","species",12679.29,0,0,100,2,1,2,1,"Semnopithecus hector","NT"
"https://www.ncbi.nlm.nih.gov/taxonomy/9376",NA,NA,"Soricidae","Eulipotyphla","Mammalia","Soricidae","family",NA,NA,NA,NA,NA,NA,NA,NA,"Soricidae",NA
"https://www.ncbi.nlm.nih.gov/taxonomy/208451","cheela","Spilornis","Accipitridae","Accipitriformes","Aves","Spilornis cheela","species",NA,NA,NA,NA,NA,NA,NA,NA,"Spilornis cheela","LC"
"https://www.ncbi.nlm.nih.gov/taxonomy/30458",NA,NA,NA,"Strigiformes","Aves","Strigiformes","order",NA,NA,NA,NA,NA,NA,NA,NA,"Strigiformes",NA
"https://www.ncbi.nlm.nih.gov/taxonomy/9378","murinus","Suncus","Soricidae","Eulipotyphla","Mammalia","Suncus murinus","species",45.87,80,20,0,1,3,1,4,"Suncus murinus","LC"
"https://www.ncbi.nlm.nih.gov/taxonomy/83761","muelleri","Sundamys","Muridae","Rodentia","Mammalia","Sundamys muelleri","species",345.24,20,10,70,3,2,1,2,"Sundamys muelleri","LC"
"https://www.ncbi.nlm.nih.gov/taxonomy/226574",NA,"Sundasciurus","Sciuridae","Rodentia","Mammalia","Sundasciurus","genus",NA,NA,NA,NA,NA,NA,NA,NA,"Sundasciurus",NA
"https://www.ncbi.nlm.nih.gov/taxonomy/1620830","hippurus","Sundasciurus","Sciuridae","Rodentia","Mammalia","Sundasciurus hippurus","species",335.145,10,0,90,2,2,3,1,"Sundasciurus hippurus","NT"
"https://www.ncbi.nlm.nih.gov/taxonomy/9822",NA,"Sus","Suidae","Artiodactyla","Mammalia","Sus","genus",NA,NA,NA,NA,NA,NA,NA,NA,"Sus",NA
"https://www.ncbi.nlm.nih.gov/taxonomy/41807","barbatus","Sus","Suidae","Artiodactyla","Mammalia","Sus barbatus","species",102750,10,20,70,1,2,2,1,"Sus barbatus","VU"
"https://www.ncbi.nlm.nih.gov/taxonomy/315377","cebifrons","Sus","Suidae","Artiodactyla","Mammalia","Sus cebifrons","species",102750,10,20,70,1,2,2,1,"Sus cebifrons","CR"
"https://www.ncbi.nlm.nih.gov/taxonomy/9823","scrofa","Sus","Suidae","Artiodactyla","Mammalia","Sus scrofa","species",135000,4,0,96,1,2,2,7,"Sus scrofa","LC"
"https://www.ncbi.nlm.nih.gov/taxonomy/9590","syndactylus","Symphalangus","Hylobatidae","Primates","Mammalia","Symphalangus syndactylus","species",10869.5,10,0,90,1,2,3,1,"Symphalangus syndactylus","EN"
"https://www.ncbi.nlm.nih.gov/taxonomy/1517991","jobiensis","Talegalla","Megapodiidae","Galliformes","Aves","Talegalla jobiensis","species",NA,NA,NA,NA,NA,NA,NA,NA,"Talegalla jobiensis","LC"
"https://www.ncbi.nlm.nih.gov/taxonomy/226576",NA,"Tamiops","Sciuridae","Rodentia","Mammalia","Tamiops","genus",NA,NA,NA,NA,NA,NA,NA,NA,"Tamiops",NA
"https://www.ncbi.nlm.nih.gov/taxonomy/461710","mcclellandii","Tamiops","Sciuridae","Rodentia","Mammalia","Tamiops mcclellandii","species",NA,NA,NA,NA,NA,NA,NA,NA,"Tamiops mcclellandii","LC"
"https://www.ncbi.nlm.nih.gov/taxonomy/187003","melanopogon","Taphozous","Emballonuridae","Chiroptera","Mammalia","Taphozous melanopogon","species",25.99,100,0,0,1,3,2,3,"Taphozous melanopogon","LC"
"https://www.ncbi.nlm.nih.gov/taxonomy/9802","indicus","Tapirus","Tapiridae","Perissodactyla","Mammalia","Tapirus indicus","species",296250,0,0,100,1,1,1,3,"Tapirus indicus","EN"
"https://www.ncbi.nlm.nih.gov/taxonomy/9475",NA,NA,"Tarsiidae","Primates","Mammalia","Tarsiidae","family",NA,NA,NA,NA,NA,NA,NA,NA,"Tarsiidae",NA
"https://www.ncbi.nlm.nih.gov/taxonomy/201367","pileata","Timalia","Timaliidae","Passeriformes","Aves","Timalia pileata","species",NA,NA,NA,NA,NA,NA,NA,NA,"Timalia pileata","LC"
"https://www.ncbi.nlm.nih.gov/taxonomy/54136",NA,"Trachypithecus","Cercopithecidae","Primates","Mammalia","Trachypithecus","genus",NA,NA,NA,NA,NA,NA,NA,NA,"Trachypithecus",NA
"https://www.ncbi.nlm.nih.gov/taxonomy/122765","cristatus","Trachypithecus","Cercopithecidae","Primates","Mammalia","Trachypithecus cristatus","species",7071.5,0,0,100,2,1,3,1,"Trachypithecus cristatus","VU"
"https://www.ncbi.nlm.nih.gov/taxonomy/54180","francoisi","Trachypithecus","Cercopithecidae","Primates","Mammalia","Trachypithecus francoisi","species",7604.75,0,0,100,2,1,3,2,"Trachypithecus francoisi","EN"
"https://www.ncbi.nlm.nih.gov/taxonomy/271260","germaini","Trachypithecus","Cercopithecidae","Primates","Mammalia","Trachypithecus germaini","species",7071.5,0,0,100,2,1,3,1,"Trachypithecus germaini","EN"
"https://www.ncbi.nlm.nih.gov/taxonomy/54181","obscurus","Trachypithecus","Cercopithecidae","Primates","Mammalia","Trachypithecus obscurus","species",7163.94,0,0,100,2,1,3,1,"Trachypithecus obscurus","EN"
"https://www.ncbi.nlm.nih.gov/taxonomy/61618","phayrei","Trachypithecus","Cercopithecidae","Primates","Mammalia","Trachypithecus phayrei","species",7247.88,0,0,100,2,1,3,1,"Trachypithecus phayrei","EN"
"https://www.ncbi.nlm.nih.gov/taxonomy/1042121","shortridgei","Trachypithecus","Cercopithecidae","Primates","Mammalia","Trachypithecus shortridgei","species",11450,0,0,100,2,1,3,1,"Trachypithecus shortridgei","EN"
"https://www.ncbi.nlm.nih.gov/taxonomy/9847",NA,"Tragulus","Tragulidae","Artiodactyla","Mammalia","Tragulus","genus",NA,NA,NA,NA,NA,NA,NA,NA,"Tragulus",NA
"https://www.ncbi.nlm.nih.gov/taxonomy/1088131","kanchil","Tragulus","Tragulidae","Artiodactyla","Mammalia","Tragulus kanchil","species",3850,0,0,100,2,1,1,3,"Tragulus kanchil","LC"
"https://www.ncbi.nlm.nih.gov/taxonomy/9848","napu","Tragulus","Tragulidae","Artiodactyla","Mammalia","Tragulus napu","species",3850,0,0,100,2,1,1,2,"Tragulus napu","LC"
"https://www.ncbi.nlm.nih.gov/taxonomy/115702","vernans","Treron","Columbidae","Columbiformes","Aves","Treron vernans","species",NA,NA,NA,NA,NA,NA,NA,NA,"Treron vernans","LC"
"https://www.ncbi.nlm.nih.gov/taxonomy/73865","fasciculata","Trichys","Hystricidae","Rodentia","Mammalia","Trichys fasciculata","species",1750,0,0,100,2,1,1,1,"Trichys fasciculata","LC"
"https://www.ncbi.nlm.nih.gov/taxonomy/1717233","charltonii","Tropicoperdix","Phasianidae","Galliformes","Aves","Tropicoperdix charltonii","species",NA,NA,NA,NA,NA,NA,NA,NA,"Tropicoperdix charltonii","VU"
"https://www.ncbi.nlm.nih.gov/taxonomy/9394",NA,"Tupaia","Tupaiidae","Scandentia","Mammalia","Tupaia","genus",NA,NA,NA,NA,NA,NA,NA,NA,"Tupaia",NA
"https://www.ncbi.nlm.nih.gov/taxonomy/37347","belangeri","Tupaia","Tupaiidae","Scandentia","Mammalia","Tupaia belangeri","species",200,90,0,10,1,2,3,3,"Tupaia belangeri","LC"
"https://www.ncbi.nlm.nih.gov/taxonomy/9395","glis","Tupaia","Tupaiidae","Scandentia","Mammalia","Tupaia glis","species",159,90,0,10,1,2,3,1,"Tupaia glis","LC"
"https://www.ncbi.nlm.nih.gov/taxonomy/320343","javanica","Tupaia","Tupaiidae","Scandentia","Mammalia","Tupaia javanica","species",105,90,0,10,1,2,3,1,"Tupaia javanica","LC"
"https://www.ncbi.nlm.nih.gov/taxonomy/1035795","montana","Tupaia","Tupaiidae","Scandentia","Mammalia","Tupaia montana","species",225.525,90,0,10,1,2,3,1,"Tupaia montana","LC"
"https://www.ncbi.nlm.nih.gov/taxonomy/1035796","picta","Tupaia","Tupaiidae","Scandentia","Mammalia","Tupaia picta","species",168.05,90,0,10,1,2,3,1,"Tupaia picta","LC"
"https://www.ncbi.nlm.nih.gov/taxonomy/70687","tana","Tupaia","Tupaiidae","Scandentia","Mammalia","Tupaia tana","species",197.8,90,0,10,1,2,3,1,"Tupaia tana","LC"
"https://www.ncbi.nlm.nih.gov/taxonomy/9393",NA,NA,"Tupaiidae","Scandentia","Mammalia","Tupaiidae","family",NA,NA,NA,NA,NA,NA,NA,NA,"Tupaiidae",NA
"https://www.ncbi.nlm.nih.gov/taxonomy/9632",NA,NA,"Ursidae","Carnivora","Mammalia","Ursidae","family",NA,NA,NA,NA,NA,NA,NA,NA,"Ursidae",NA
"https://www.ncbi.nlm.nih.gov/taxonomy/9642","thibetanus","Ursus","Ursidae","Carnivora","Mammalia","Ursus thibetanus","species",99714.19,10,20,70,2,1,2,5,"Ursus thibetanus","VU"
"https://www.ncbi.nlm.nih.gov/taxonomy/8556",NA,"Varanus","Varanidae","Squamata","Reptilia","Varanus","genus",NA,NA,NA,NA,NA,NA,NA,NA,"Varanus",NA
"https://www.ncbi.nlm.nih.gov/taxonomy/735376","nebulosus","Varanus","Varanidae","Squamata","Reptilia","Varanus nebulosus","species",NA,NA,NA,NA,NA,NA,NA,NA,"Varanus nebulosus",NA
"https://www.ncbi.nlm.nih.gov/taxonomy/169851","rudicollis","Varanus","Varanidae","Squamata","Reptilia","Varanus rudicollis","species",NA,NA,NA,NA,NA,NA,NA,NA,"Varanus rudicollis","DD"
"https://www.ncbi.nlm.nih.gov/taxonomy/62051","salvator","Varanus","Varanidae","Squamata","Reptilia","Varanus salvator","species",NA,NA,NA,NA,NA,NA,NA,NA,"Varanus salvator","LC"
"https://www.ncbi.nlm.nih.gov/taxonomy/205656","megaspila","Viverra","Viverridae","Carnivora","Mammalia","Viverra megaspila","species",9250,10,70,20,2,2,2,3,"Viverra megaspila","EN"
"https://www.ncbi.nlm.nih.gov/taxonomy/71121","tangalunga","Viverra","Viverridae","Carnivora","Mammalia","Viverra tangalunga","species",7349.99,10,70,20,2,2,2,2,"Viverra tangalunga","LC"
"https://www.ncbi.nlm.nih.gov/taxonomy/94178","zibetha","Viverra","Viverridae","Carnivora","Mammalia","Viverra zibetha","species",10000,10,80,10,3,2,2,3,"Viverra zibetha","LC"
"https://www.ncbi.nlm.nih.gov/taxonomy/94195",NA,"Viverricula","Viverridae","Carnivora","Mammalia","Viverricula","genus",NA,NA,NA,NA,NA,NA,NA,NA,"Viverricula",NA
"https://www.ncbi.nlm.nih.gov/taxonomy/94196","indica","Viverricula","Viverridae","Carnivora","Mammalia","Viverricula indica","species",2959.44,20,60,20,3,2,2,5,"Viverricula indica","LC"
"https://www.ncbi.nlm.nih.gov/taxonomy/9673",NA,NA,"Viverridae","Carnivora","Mammalia","Viverridae","family",NA,NA,NA,NA,NA,NA,NA,NA,"Viverridae",NA
"https://www.ncbi.nlm.nih.gov/taxonomy/2494276","bengalensis","Vulpes","Canidae","Carnivora","Mammalia","Vulpes bengalensis","species",2157.2,20,60,20,3,2,1,2,"Vulpes bengalensis","LC"
"https://www.ncbi.nlm.nih.gov/taxonomy/9627","vulpes","Vulpes","Canidae","Carnivora","Mammalia","Vulpes vulpes","species",4580.3,1,88,11,2,2,2,6,"Vulpes vulpes","LC"
"https://www.ncbi.nlm.nih.gov/taxonomy/1743270","citrina","Geokichla","Turdidae","Passeriformes","Aves","Geokichla citrina","species",NA,NA,NA,NA,NA,NA,NA,NA,"Geokichla citrina","LC"
"https://www.ncbi.nlm.nih.gov/taxonomy/36288","dauma","Zoothera","Turdidae","Passeriformes","Aves","Zoothera dauma","species",NA,NA,NA,NA,NA,NA,NA,NA,"Zoothera dauma","LC"
"https://www.gbif.org/species/9910236","hoevenii","Arctonyx","Mustelidae","Carnivora","Mammalia","Arctonyx hoevenii","species",10500,45,24,31,2,2,1,3,"Arctonyx hoevenii","LC"
"https://www.gbif.org/species/2496388","radiceus","Carpococcyx","Cuculidae","Cuculiformes","Aves","Carpococcyx radiceus","species",NA,NA,NA,NA,NA,NA,NA,NA,"Carpococcyx radiceus","VU"
"https://www.gbif.org/species/2496389","viridis","Carpococcyx","Cuculidae","Cuculiformes","Aves","Carpococcyx viridis","species",NA,NA,NA,NA,NA,NA,NA,NA,"Carpococcyx viridis","CR"
"https://www.gbif.org/species/5231992","goliath","Centropus","Cuculidae","Cuculiformes","Aves","Centropus goliath","species",NA,NA,NA,NA,NA,NA,NA,NA,"Centropus goliath","LC"
"https://www.gbif.org/species/2440139","muelleri","Dorcopsis","Macropodidae","Diprotodontia","Mammalia","Dorcopsis muelleri","species",5000,0,0,100,2,1,2,1,"Dorcopsis muelleri","LC"
"https://www.gbif.org/species/2436436","sapiens","Homo","Hominidae","Primates","Mammalia","Homo sapiens","species",62035,6,29,65,1,2,3,NA,"Not recognised",NA
"https://www.gbif.org/species/2436436","sapiens","Homo","Hominidae","Primates","Mammalia","Homo sapiens","species",62035,6,29,65,1,2,3,NA,"Not recognised",NA
"https://www.gbif.org/species/2436436","sapiens","Homo","Hominidae","Primates","Mammalia","Homo sapiens","species",62035,6,29,65,1,2,3,NA,"Not recognised",NA
"https://www.gbif.org/species/2436436","sapiens","Homo","Hominidae","Primates","Mammalia","Homo sapiens","species",62035,6,29,65,1,2,3,NA,"Not recognised",NA
"https://www.gbif.org/species/2436436","sapiens","Homo","Hominidae","Primates","Mammalia","Homo sapiens","species",62035,6,29,65,1,2,3,NA,"Not recognised",NA
"https://www.gbif.org/species/8069697","albocristatus","Horizocerus","Bucerotidae","Bucerotiformes","Aves","Horizocerus albocristatus","species",NA,NA,NA,NA,NA,NA,NA,NA,"Horizocerus albocristatus","LC"
"https://www.gbif.org/species/6101085","cyanea","Pitta","Pittidae","Passeriformes","Aves","Pitta cyanea","species",NA,NA,NA,NA,NA,NA,NA,NA,"Pitta cyanea",NA
"https://www.gbif.org/species/6101086","irena","Hydrornis","Pittidae","Passeriformes","Aves","Hydrornis irena","species",NA,NA,NA,NA,NA,NA,NA,NA,"Hydrornis irena","NT"
"https://www.gbif.org/species/6101084","schneideri","Pitta","Pittidae","Passeriformes","Aves","Pitta schneideri","species",NA,NA,NA,NA,NA,NA,NA,NA,"Pitta schneideri",NA
"https://www.gbif.org/species/5219887","javanica","Hystrix","Hystricidae","Rodentia","Mammalia","Hystrix javanica","species",8000,0,0,100,2,1,1,2,"Hystrix javanica","LC"
"https://www.gbif.org/species/2437526","hosei","Lariscus","Sciuridae","Rodentia","Mammalia","Lariscus hosei","species",180,0,0,100,2,1,3,1,"Lariscus hosei","LC"
"https://www.gbif.org/species/2433632","orientalis","Melogale","Mustelidae","Carnivora","Mammalia","Melogale orientalis","species",1922.63,40,30,30,3,2,2,3,"Melogale orientalis","LC"
"https://www.gbif.org/species/7262013","siamensis","Presbytis","Cercopithecidae","Primates","Mammalia","Presbytis siamensis","species",6460,0,0,100,3,1,3,1,"Presbytis siamensis","NT"
"https://www.gbif.org/species/8082581","chinensis","Coturnix","Phasianidae","Galliformes","Aves","Coturnix chinensis","species",NA,NA,NA,NA,NA,NA,NA,NA,"Coturnix chinensis",NA
